{
	"credit": "Made with Blockbench",
	"parent": "block/block",
	"textures": {
		"3": "improvedbackpacks:block/backpack_cap",
		"4": "improvedbackpacks:block/backpack_plate",
		"5": "improvedbackpacks:block/backpack_base",
		"particle": "improvedbackpacks:block/backpack_base"
	},
	"elements": [
		{
			"from": [2, 2, 3.5],
			"to": [14, 14, 5],
			"rotation": {"angle": 0, "axis": "y", "origin": [-11, 14, 11]},
			"faces": {
				"north": {"uv": [0, 0, 8, 8], "texture": "#3"},
				"east": {"uv": [0, 0, 1, 8], "texture": "#3"},
				"south": {"uv": [8, 0, 16, 8], "texture": "#3"},
				"west": {"uv": [7, 0, 8, 8], "texture": "#3"},
				"up": {"uv": [0, 0, 8, 1], "rotation": 180, "texture": "#3"},
				"down": {"uv": [0, 7, 8, 8], "texture": "#3"}
			}
		},
		{
			"from": [2, -2.5, 5],
			"to": [14, 14, 9],
			"rotation": {"angle": 0, "axis": "y", "origin": [-11, 14, 11]},
			"faces": {
				"north": {"uv": [0, 2, 8, 13], "texture": "#5"},
				"east": {"uv": [8, 2, 11, 13], "texture": "#5"},
				"south": {"uv": [0, 2, 8, 13], "texture": "#5"},
				"west": {"uv": [8, 2, 11, 13], "texture": "#5"},
				"up": {"uv": [0, 0, 8, 2], "rotation": 180, "texture": "#5"},
				"down": {"uv": [0, 11, 8, 13], "rotation": 180, "texture": "#5"}
			}
		},
		{
			"from": [2, 14.4, 9],
			"to": [4, 14.4, 15],
			"rotation": {"angle": 0, "axis": "y", "origin": [14, 14, 16]},
			"faces": {
				"north": {"uv": [0, 0, 2, 0], "texture": "#missing"},
				"east": {"uv": [0, 0, 8, 0], "texture": "#missing"},
				"south": {"uv": [8, 0, 10, 3], "texture": "#missing"},
				"west": {"uv": [0, 0, 8, 0], "texture": "#missing"},
				"up": {"uv": [0, 2, 1, 6], "texture": "#5"},
				"down": {"uv": [0, 2, 1, 6], "texture": "#5"}
			}
		},
		{
			"from": [12, 14.4, 9],
			"to": [14, 14.4, 15],
			"rotation": {"angle": 0, "axis": "y", "origin": [14, 14, 16]},
			"faces": {
				"north": {"uv": [0, 0, 2, 0], "texture": "#missing"},
				"east": {"uv": [0, 0, 8, 0], "texture": "#missing"},
				"south": {"uv": [8, 0, 10, 3], "texture": "#missing"},
				"west": {"uv": [0, 0, 8, 0], "texture": "#missing"},
				"up": {"uv": [0, 2, 1, 6], "texture": "#5"},
				"down": {"uv": [0, 2, 1, 6], "texture": "#5"}
			}
		},
		{
			"from": [14, 2, 9],
			"to": [14, 4, 15],
			"rotation": {"angle": 0, "axis": "y", "origin": [16, 3, 16]},
			"faces": {
				"north": {"uv": [0, 0, 2, 0], "rotation": 270, "texture": "#missing"},
				"east": {"uv": [0, 2, 1, 6], "rotation": 90, "texture": "#5"},
				"south": {"uv": [0, 0, 2, 0], "rotation": 90, "texture": "#missing"},
				"west": {"uv": [0, 2, 1, 6], "rotation": 90, "texture": "#5"},
				"up": {"uv": [0, 0, 8, 0], "rotation": 90, "texture": "#missing"},
				"down": {"uv": [0, 0, 8, 0], "rotation": 90, "texture": "#missing"}
			}
		},
		{
			"from": [12, 2, 15],
			"to": [14, 14.4, 15],
			"rotation": {"angle": 0, "axis": "y", "origin": [14, 10, 24]},
			"faces": {
				"north": {"uv": [0, 2, 1, 9], "rotation": 180, "texture": "#5"},
				"east": {"uv": [0, 0, 8, 0], "rotation": 270, "texture": "#missing"},
				"south": {"uv": [11, 0, 12, 7], "texture": "#5"},
				"west": {"uv": [0, 0, 8, 0], "rotation": 90, "texture": "#missing"},
				"up": {"uv": [0, 0, 2, 0], "rotation": 180, "texture": "#missing"},
				"down": {"uv": [0, 0, 2, 0], "texture": "#missing"}
			}
		},
		{
			"from": [2.5, -2.1, 3.9],
			"to": [13.5, 4.5, 5.5],
			"rotation": {"angle": 0, "axis": "y", "origin": [8, 8, 14]},
			"faces": {
				"north": {"uv": [0, 1, 8, 6], "texture": "#4", "tintindex": 0},
				"east": {"uv": [1, 1, 0, 6], "texture": "#4", "tintindex": 0},
				"south": {"uv": [1, 1, 7, 5], "texture": "#4", "tintindex": 0},
				"west": {"uv": [7, 1, 8, 6], "texture": "#4", "tintindex": 0},
				"up": {"uv": [0, 1, 8, 2], "rotation": 180, "texture": "#4", "tintindex": 0},
				"down": {"uv": [0, 5, 8, 6], "texture": "#4", "tintindex": 0}
			}
		},
		{
			"from": [10.75, 1.5, 3],
			"to": [12.75, 3.5, 5],
			"rotation": {"angle": 0, "axis": "y", "origin": [8, 14.0212, 11.02321]},
			"faces": {
				"north": {"uv": [0, 15, 1, 16], "texture": "#3"},
				"east": {"uv": [0, 15, 1, 16], "texture": "#3"},
				"south": {"uv": [0, 15, 1, 16], "texture": "#3"},
				"west": {"uv": [0, 15, 1, 16], "texture": "#3"},
				"up": {"uv": [0, 15, 1, 16], "rotation": 90, "texture": "#3"},
				"down": {"uv": [0, 15, 1, 16], "rotation": 180, "texture": "#3"}
			}
		},
		{
			"from": [3.25, 1.5, 3],
			"to": [5.25, 3.5, 5],
			"rotation": {"angle": 0, "axis": "y", "origin": [8, 14.0212, 11.02321]},
			"faces": {
				"north": {"uv": [0, 15, 1, 16], "texture": "#3"},
				"east": {"uv": [0, 15, 1, 16], "texture": "#3"},
				"south": {"uv": [0, 15, 1, 16], "texture": "#3"},
				"west": {"uv": [0, 15, 1, 16], "texture": "#3"},
				"up": {"uv": [0, 15, 1, 16], "rotation": 90, "texture": "#3"},
				"down": {"uv": [0, 15, 1, 16], "rotation": 180, "texture": "#3"}
			}
		},
		{
			"from": [2, 2, 15],
			"to": [4, 14.4, 15],
			"rotation": {"angle": 0, "axis": "y", "origin": [14, 10, 24]},
			"faces": {
				"north": {"uv": [0, 2, 1, 9], "rotation": 180, "texture": "#5"},
				"east": {"uv": [0, 0, 8, 0], "rotation": 270, "texture": "#missing"},
				"south": {"uv": [11, 0, 12, 7], "texture": "#5"},
				"west": {"uv": [0, 0, 8, 0], "rotation": 90, "texture": "#missing"},
				"up": {"uv": [0, 0, 2, 0], "rotation": 180, "texture": "#missing"},
				"down": {"uv": [0, 0, 2, 0], "texture": "#missing"}
			}
		},
		{
			"from": [2, 2, 9],
			"to": [2, 4, 15],
			"rotation": {"angle": 0, "axis": "y", "origin": [16, 3, 16]},
			"faces": {
				"north": {"uv": [0, 0, 2, 0], "rotation": 270, "texture": "#missing"},
				"east": {"uv": [0, 2, 1, 6], "rotation": 90, "texture": "#5"},
				"south": {"uv": [0, 0, 2, 0], "rotation": 90, "texture": "#missing"},
				"west": {"uv": [0, 2, 1, 6], "rotation": 90, "texture": "#5"},
				"up": {"uv": [0, 0, 8, 0], "rotation": 90, "texture": "#missing"},
				"down": {"uv": [0, 0, 8, 0], "rotation": 90, "texture": "#missing"}
			}
		},
		{
			"from": [2, 14, 9],
			"to": [4, 14.4, 9],
			"rotation": {"angle": 0, "axis": "y", "origin": [14, 14, 16]},
			"faces": {
				"north": {"uv": [0, 2, 1, 3], "rotation": 180, "texture": "#5"},
				"east": {"uv": [0, 0, 8, 0], "rotation": 90, "texture": "#missing"},
				"south": {"uv": [0, 2, 1, 3], "texture": "#5"},
				"west": {"uv": [0, 0, 8, 0], "rotation": 270, "texture": "#missing"},
				"up": {"uv": [8, 0, 10, 3], "texture": "#5"},
				"down": {"uv": [0, 0, 2, 0], "rotation": 180, "texture": "#missing"}
			}
		},
		{
			"from": [12, 14, 9],
			"to": [14, 14.4, 9],
			"rotation": {"angle": 0, "axis": "y", "origin": [14, 14, 16]},
			"faces": {
				"north": {"uv": [0, 2, 1, 3], "rotation": 180, "texture": "#5"},
				"east": {"uv": [0, 0, 8, 0], "rotation": 90, "texture": "#missing"},
				"south": {"uv": [0, 2, 1, 3], "texture": "#5"},
				"west": {"uv": [0, 0, 8, 0], "rotation": 270, "texture": "#missing"},
				"up": {"uv": [8, 0, 10, 3], "texture": "#5"},
				"down": {"uv": [0, 0, 2, 0], "rotation": 180, "texture": "#missing"}
			}
		}
	]
}